dir path;filename;child age;# participants;partipant type;# adults;eng;nlines_Raw;name;Nlines;years;months;days
/Users/alejandrinacristia/Dropbox/SegCatSpa/Corpora/cha//eng/Providence/Alex;10427;"1;04.27";4;"Mother;Camera_Operator;Environment;Toy;";2;eng;542;_Providence_Alex_010427-ortholines.txt;500;1;04;27
/Users/alejandrinacristia/Dropbox/SegCatSpa/Corpora/cha//eng/Providence/Alex;10512;"1;05.12";5;"Mother;Camera_Operator;Toy;Adult;Adult;";4;eng;698;_Providence_Alex_010512-ortholines.txt;600;1;05;12
/Users/alejandrinacristia/Dropbox/SegCatSpa/Corpora/cha//eng/Providence/Alex;10526;"1;05.26";2;"Mother;Father;";2;eng;654;_Providence_Alex_010526-ortholines.txt;600;1;05;26
/Users/alejandrinacristia/Dropbox/SegCatSpa/Corpora/cha//eng/Providence/Alex;10614;"1;06.14";3;"Mother;Toy;Grandmother;";2;eng;671;_Providence_Alex_010614-ortholines.txt;600;1;06;14
/Users/alejandrinacristia/Dropbox/SegCatSpa/Corpora/cha//eng/Providence/Alex;10700;"1;06.14";1;"Target_Child;";0;eng;0;_Providence_Alex_010700-ortholines.txt;0;1;06;14
/Users/alejandrinacristia/Dropbox/SegCatSpa/Corpora/cha//eng/Providence/Alex;10707;"1;07.07";4;"Mother;Grandmother;Father;Toy;";3;eng;661;_Providence_Alex_010707-ortholines.txt;600;1;07;07
/Users/alejandrinacristia/Dropbox/SegCatSpa/Corpora/cha//eng/Providence/Alex;10726;"1;07.26";4;"Mother;Camera_Operator;Grandmother;Father;";4;eng;824;_Providence_Alex_010726-ortholines.txt;800;1;07;26
/Users/alejandrinacristia/Dropbox/SegCatSpa/Corpora/cha//eng/Providence/Alex;10811;"1;08.11";2;"Mother;Father;";2;eng;669;_Providence_Alex_010811-ortholines.txt;600;1;08;11
/Users/alejandrinacristia/Dropbox/SegCatSpa/Corpora/cha//eng/Providence/Alex;10825;"1;08.25";4;"Mother;Camera_Operator;Father;Toy;";3;eng;718;_Providence_Alex_010825-ortholines.txt;700;1;08;25
/Users/alejandrinacristia/Dropbox/SegCatSpa/Corpora/cha//eng/Providence/Alex;10908;"1;09.08";5;"Mother;Camera_Operator;Environment;Toy;Toy;";2;eng;785;_Providence_Alex_010908-ortholines.txt;700;1;09;08
/Users/alejandrinacristia/Dropbox/SegCatSpa/Corpora/cha//eng/Providence/Alex;10922;"1;09.22";9;"Mother;Uncle;Camera_Operator;Environment;Grandmother;Unidentified;Toy;Toy;Toy;";5;eng;994;_Providence_Alex_010922-ortholines.txt;900;1;09;22
/Users/alejandrinacristia/Dropbox/SegCatSpa/Corpora/cha//eng/Providence/Alex;11006;"1;10.06";7;"Mother;Camera_Operator;Grandmother;Adult;Unidentified;Father;Toy;";6;eng;992;_Providence_Alex_011006-ortholines.txt;900;1;10;06
/Users/alejandrinacristia/Dropbox/SegCatSpa/Corpora/cha//eng/Providence/Alex;11024;"1;10.24";5;"Mother;Camera_Operator;Toy;Toy;Father;";3;eng;905;_Providence_Alex_011024-ortholines.txt;900;1;10;24
/Users/alejandrinacristia/Dropbox/SegCatSpa/Corpora/cha//eng/Providence/Alex;11103;"1;11.03";5;"Mother;Toy;Camera_Operator;Grandmother;Environment;";3;eng;874;_Providence_Alex_011103-ortholines.txt;800;1;11;03
/Users/alejandrinacristia/Dropbox/SegCatSpa/Corpora/cha//eng/Providence/Alex;11117;"1;11.17";4;"Mother;Grandmother;Adult;Environment;";3;eng;886;_Providence_Alex_011117-ortholines.txt;800;1;11;17
/Users/alejandrinacristia/Dropbox/SegCatSpa/Corpora/cha//eng/Providence/Alex;11127;"1;11.27";4;"Mother;Grandmother;Adult;Toy;";3;eng;1020;_Providence_Alex_011127-ortholines.txt;1000;1;11;27
/Users/alejandrinacristia/Dropbox/SegCatSpa/Corpora/cha//eng/Providence/Alex;20012;"2;00.12";4;"Mother;Camera_Operator;Grandmother;Father;";4;eng;875;_Providence_Alex_020012-ortholines.txt;800;2;00;12
/Users/alejandrinacristia/Dropbox/SegCatSpa/Corpora/cha//eng/Providence/Alex;20102;"2;01.02";4;"Mother;Camera_Operator;Grandmother;Father;";4;eng;850;_Providence_Alex_020102-ortholines.txt;800;2;01;02
/Users/alejandrinacristia/Dropbox/SegCatSpa/Corpora/cha//eng/Providence/Alex;20117;"2;01.17";4;"Mother;Grandmother;Father;Camera_Operator;";4;eng;795;_Providence_Alex_020117-ortholines.txt;700;2;01;17
/Users/alejandrinacristia/Dropbox/SegCatSpa/Corpora/cha//eng/Providence/Alex;20200;"2;02.";2;"Mother;Camera_Operator;";2;eng;753;_Providence_Alex_020200-ortholines.txt;700;2;02;
/Users/alejandrinacristia/Dropbox/SegCatSpa/Corpora/cha//eng/Providence/Alex;20217;"2;02.17";2;"Mother;Camera_Operator;";2;eng;691;_Providence_Alex_020217-ortholines.txt;600;2;02;17
/Users/alejandrinacristia/Dropbox/SegCatSpa/Corpora/cha//eng/Providence/Alex;20300;"2;03.";1;"Mother;";1;eng;880;_Providence_Alex_020300-ortholines.txt;800;2;03;
/Users/alejandrinacristia/Dropbox/SegCatSpa/Corpora/cha//eng/Providence/Alex;20314;"2;03.14";4;"Mother;Grandmother;Father;Camera_Operator;";4;eng;883;_Providence_Alex_020314-ortholines.txt;800;2;03;14
/Users/alejandrinacristia/Dropbox/SegCatSpa/Corpora/cha//eng/Providence/Alex;20326;"2;03.26";3;"Mother;Camera_Operator;Adult;";3;eng;861;_Providence_Alex_020326-ortholines.txt;800;2;03;26
/Users/alejandrinacristia/Dropbox/SegCatSpa/Corpora/cha//eng/Providence/Alex;20411;"2;04.11";2;"Mother;Camera_Operator;";2;eng;944;_Providence_Alex_020411-ortholines.txt;900;2;04;11
/Users/alejandrinacristia/Dropbox/SegCatSpa/Corpora/cha//eng/Providence/Alex;20425;"2;04.25";3;"Mother;Camera_Operator;Grandmother;";3;eng;879;_Providence_Alex_020425-ortholines.txt;800;2;04;25
/Users/alejandrinacristia/Dropbox/SegCatSpa/Corpora/cha//eng/Providence/Alex;20509;"2;05.09";2;"Mother;Camera_Operator;";2;eng;820;_Providence_Alex_020509-ortholines.txt;800;2;05;09
/Users/alejandrinacristia/Dropbox/SegCatSpa/Corpora/cha//eng/Providence/Alex;20523;"2;05.23";3;"Mother;Camera_Operator;Environment;";2;eng;640;_Providence_Alex_020523-ortholines.txt;600;2;05;23
/Users/alejandrinacristia/Dropbox/SegCatSpa/Corpora/cha//eng/Providence/Alex;20606;"2;06.06";3;"Mother;Camera_Operator;Father;";3;eng;831;_Providence_Alex_020606-ortholines.txt;800;2;06;06
/Users/alejandrinacristia/Dropbox/SegCatSpa/Corpora/cha//eng/Providence/Alex;20620;"2;06.20";3;"Mother;Camera_Operator;Father;";3;eng;804;_Providence_Alex_020620-ortholines.txt;800;2;06;20
/Users/alejandrinacristia/Dropbox/SegCatSpa/Corpora/cha//eng/Providence/Alex;20705;"2;07.05";3;"Mother;Adult;Camera_Operator;";3;eng;809;_Providence_Alex_020705-ortholines.txt;800;2;07;05
/Users/alejandrinacristia/Dropbox/SegCatSpa/Corpora/cha//eng/Providence/Alex;20724;"2;07.24";3;"Mother;Camera_Operator;Grandfather;";3;eng;1221;_Providence_Alex_020724-ortholines.txt;1200;2;07;24
/Users/alejandrinacristia/Dropbox/SegCatSpa/Corpora/cha//eng/Providence/Alex;20810;"2;08.10";3;"Mother;Father;Camera_Operator;";3;eng;835;_Providence_Alex_020810-ortholines.txt;800;2;08;10
/Users/alejandrinacristia/Dropbox/SegCatSpa/Corpora/cha//eng/Providence/Alex;20816;"2;08.16";5;"Mother;Unidentified;Grandmother;Environment;Camera_Operator;";4;eng;795;_Providence_Alex_020816-ortholines.txt;700;2;08;16
/Users/alejandrinacristia/Dropbox/SegCatSpa/Corpora/cha//eng/Providence/Alex;20828;"2;08.28";5;"Mother;Camera_Operator;Grandmother;Environment;Toy;";3;eng;643;_Providence_Alex_020828-ortholines.txt;600;2;08;28
/Users/alejandrinacristia/Dropbox/SegCatSpa/Corpora/cha//eng/Providence/Alex;20913;"2;09.13";4;"Mother;Camera_Operator;Environment;Father;";3;eng;916;_Providence_Alex_020913-ortholines.txt;900;2;09;13
/Users/alejandrinacristia/Dropbox/SegCatSpa/Corpora/cha//eng/Providence/Alex;20926;"2;09.26";3;"Mother;Grandmother;Camera_Operator;";3;eng;713;_Providence_Alex_020926-ortholines.txt;700;2;09;26
/Users/alejandrinacristia/Dropbox/SegCatSpa/Corpora/cha//eng/Providence/Alex;21011;"2;10.11";5;"Mother;Camera_Operator;Father;Adult;Grandmother;";5;eng;648;_Providence_Alex_021011-ortholines.txt;600;2;10;11
/Users/alejandrinacristia/Dropbox/SegCatSpa/Corpora/cha//eng/Providence/Alex;21025;"2;10.25";4;"Mother;Camera_Operator;Grandmother;Toy;";3;eng;988;_Providence_Alex_021025-ortholines.txt;900;2;10;25
/Users/alejandrinacristia/Dropbox/SegCatSpa/Corpora/cha//eng/Providence/Alex;21108;"2;11.08";3;"Mother;Camera_Operator;Environment;";2;eng;867;_Providence_Alex_021108-ortholines.txt;800;2;11;08
/Users/alejandrinacristia/Dropbox/SegCatSpa/Corpora/cha//eng/Providence/Alex;21122;"2;11.22";3;"Mother;Grandmother;Camera_Operator;";3;eng;768;_Providence_Alex_021122-ortholines.txt;700;2;11;22
/Users/alejandrinacristia/Dropbox/SegCatSpa/Corpora/cha//eng/Providence/Alex;30006;"3;00.06";2;"Mother;Camera_Operator;";2;eng;761;_Providence_Alex_030006-ortholines.txt;700;3;00;06
/Users/alejandrinacristia/Dropbox/SegCatSpa/Corpora/cha//eng/Providence/Alex;30103;"3;01.03";3;"Mother;Camera_Operator;Environment;";2;eng;679;_Providence_Alex_030103-ortholines.txt;600;3;01;03
/Users/alejandrinacristia/Dropbox/SegCatSpa/Corpora/cha//eng/Providence/Alex;30119;"3;01.19";3;"Mother;Grandmother;Camera_Operator;";3;eng;734;_Providence_Alex_030119-ortholines.txt;700;3;01;19
/Users/alejandrinacristia/Dropbox/SegCatSpa/Corpora/cha//eng/Providence/Alex;30200;"3;02.";4;"Mother;Camera_Operator;Adult;Grandmother;";4;eng;801;_Providence_Alex_030200-ortholines.txt;800;3;02;
/Users/alejandrinacristia/Dropbox/SegCatSpa/Corpora/cha//eng/Providence/Alex;30214;"3;02.14";5;"Mother;Toy;Grandmother;Adult;Camera_Operator;";4;eng;893;_Providence_Alex_030214-ortholines.txt;800;3;02;14
/Users/alejandrinacristia/Dropbox/SegCatSpa/Corpora/cha//eng/Providence/Alex;30301;"3;03.01";4;"Mother;Father;Adult;Camera_Operator;";4;eng;757;_Providence_Alex_030301-ortholines.txt;700;3;03;01
/Users/alejandrinacristia/Dropbox/SegCatSpa/Corpora/cha//eng/Providence/Alex;30313;"3;03.13";5;"Mother;Grandmother;Toy;Adult;Camera_Operator;";4;eng;583;_Providence_Alex_030313-ortholines.txt;500;3;03;13
/Users/alejandrinacristia/Dropbox/SegCatSpa/Corpora/cha//eng/Providence/Alex;30327;"3;03.27";1;"Mother;";1;eng;727;_Providence_Alex_030327-ortholines.txt;700;3;03;27
/Users/alejandrinacristia/Dropbox/SegCatSpa/Corpora/cha//eng/Providence/Alex;30410;"3;04.10";3;"Mother;Grandmother;Toy;";2;eng;801;_Providence_Alex_030410-ortholines.txt;800;3;04;10
/Users/alejandrinacristia/Dropbox/SegCatSpa/Corpora/cha//eng/Providence/Alex;30424;"3;04.24";1;"Mother;";1;eng;632;_Providence_Alex_030424-ortholines.txt;600;3;04;24
/Users/alejandrinacristia/Dropbox/SegCatSpa/Corpora/cha//eng/Providence/Alex;30516;"3;05.16";4;"Mother;Camera_Operator;Father;Toy;";3;eng;977;_Providence_Alex_030516-ortholines.txt;900;3;05;16
/Users/alejandrinacristia/Dropbox/SegCatSpa/Corpora/cha//eng/Providence/Ethan;1104;"0;11.04";1;"Mother;";1;eng;637;_Providence_Ethan_001104-ortholines.txt;600;0;11;04
/Users/alejandrinacristia/Dropbox/SegCatSpa/Corpora/cha//eng/Providence/Ethan;1121;"0;11.21";1;"Mother;";1;eng;989;_Providence_Ethan_001121-ortholines.txt;900;0;11;21
/Users/alejandrinacristia/Dropbox/SegCatSpa/Corpora/cha//eng/Providence/Ethan;10006;"1;00.06";2;"Mother;Camera_Operator;";2;eng;1024;_Providence_Ethan_010006-ortholines.txt;1000;1;00;06
/Users/alejandrinacristia/Dropbox/SegCatSpa/Corpora/cha//eng/Providence/Ethan;10021;"1;00.21";1;"Mother;";1;eng;830;_Providence_Ethan_010021-ortholines.txt;800;1;00;21
/Users/alejandrinacristia/Dropbox/SegCatSpa/Corpora/cha//eng/Providence/Ethan;10105;"1;01.05";2;"Mother;Toy;";1;eng;859;_Providence_Ethan_010105-ortholines.txt;800;1;01;05
/Users/alejandrinacristia/Dropbox/SegCatSpa/Corpora/cha//eng/Providence/Ethan;10117;"1;01.17";3;"Mother;Toy;Camera_Operator;";2;eng;928;_Providence_Ethan_010117-ortholines.txt;900;1;01;17
/Users/alejandrinacristia/Dropbox/SegCatSpa/Corpora/cha//eng/Providence/Ethan;10201;"1;02.01";2;"Mother;Camera_Operator;";2;eng;768;_Providence_Ethan_010201-ortholines.txt;700;1;02;01
/Users/alejandrinacristia/Dropbox/SegCatSpa/Corpora/cha//eng/Providence/Ethan;10218;"1;02.18";2;"Mother;Camera_Operator;";2;eng;975;_Providence_Ethan_010218-ortholines.txt;900;1;02;18
/Users/alejandrinacristia/Dropbox/SegCatSpa/Corpora/cha//eng/Providence/Ethan;10228;"1;02.28";2;"Mother;Camera_Operator;";2;eng;692;_Providence_Ethan_010228-ortholines.txt;600;1;02;28
/Users/alejandrinacristia/Dropbox/SegCatSpa/Corpora/cha//eng/Providence/Ethan;10315;"1;03.15";3;"Mother;Camera_Operator;Toy;";2;eng;927;_Providence_Ethan_010315-ortholines.txt;900;1;03;15
/Users/alejandrinacristia/Dropbox/SegCatSpa/Corpora/cha//eng/Providence/Ethan;10400;"1;04.";2;"Mother;Camera_Operator;";2;eng;681;_Providence_Ethan_010400-ortholines.txt;600;1;04;
/Users/alejandrinacristia/Dropbox/SegCatSpa/Corpora/cha//eng/Providence/Ethan;10411;"1;04.11";2;"Mother;Camera_Operator;";2;eng;726;_Providence_Ethan_010411-ortholines.txt;700;1;04;11
/Users/alejandrinacristia/Dropbox/SegCatSpa/Corpora/cha//eng/Providence/Ethan;10426;"1;04.26";2;"Mother;Camera_Operator;";2;eng;580;_Providence_Ethan_010426-ortholines.txt;500;1;04;26
/Users/alejandrinacristia/Dropbox/SegCatSpa/Corpora/cha//eng/Providence/Ethan;10517;"1;05.17";2;"Mother;Camera_Operator;";2;eng;765;_Providence_Ethan_010517-ortholines.txt;700;1;05;17
/Users/alejandrinacristia/Dropbox/SegCatSpa/Corpora/cha//eng/Providence/Ethan;10602;"1;06.02";2;"Mother;Toy;";1;eng;679;_Providence_Ethan_010602-ortholines.txt;600;1;06;02
/Users/alejandrinacristia/Dropbox/SegCatSpa/Corpora/cha//eng/Providence/Ethan;10620;"1;06.20";2;"Mother;Father;";2;eng;744;_Providence_Ethan_010620-ortholines.txt;700;1;06;20
/Users/alejandrinacristia/Dropbox/SegCatSpa/Corpora/cha//eng/Providence/Ethan;10700;"1;07.";1;"Mother;";1;eng;514;_Providence_Ethan_010700-ortholines.txt;500;1;07;
/Users/alejandrinacristia/Dropbox/SegCatSpa/Corpora/cha//eng/Providence/Ethan;10714;"1;07.14";2;"Mother;Camera_Operator;";2;eng;834;_Providence_Ethan_010714-ortholines.txt;800;1;07;14
/Users/alejandrinacristia/Dropbox/SegCatSpa/Corpora/cha//eng/Providence/Ethan;10726;"1;07.26";2;"Mother;Camera_Operator;";2;eng;723;_Providence_Ethan_010726-ortholines.txt;700;1;07;26
/Users/alejandrinacristia/Dropbox/SegCatSpa/Corpora/cha//eng/Providence/Ethan;10804;"1;08.04";2;"Mother;Toy;";1;eng;667;_Providence_Ethan_010804-ortholines.txt;600;1;08;04
/Users/alejandrinacristia/Dropbox/SegCatSpa/Corpora/cha//eng/Providence/Ethan;10820;"1;08.20";1;"Mother;";1;eng;786;_Providence_Ethan_010820-ortholines.txt;700;1;08;20
/Users/alejandrinacristia/Dropbox/SegCatSpa/Corpora/cha//eng/Providence/Ethan;10904;"1;09.04";2;"Mother;Camera_Operator;";2;eng;503;_Providence_Ethan_010904-ortholines.txt;500;1;09;04
/Users/alejandrinacristia/Dropbox/SegCatSpa/Corpora/cha//eng/Providence/Ethan;10918;"1;09.18";2;"Mother;Camera_Operator;";2;eng;117;_Providence_Ethan_010918-ortholines.txt;100;1;09;18
/Users/alejandrinacristia/Dropbox/SegCatSpa/Corpora/cha//eng/Providence/Ethan;10926;"1;09.26";1;"Mother;";1;eng;865;_Providence_Ethan_010926-ortholines.txt;800;1;09;26
/Users/alejandrinacristia/Dropbox/SegCatSpa/Corpora/cha//eng/Providence/Ethan;11011;"1;10.11";1;"Mother;";1;eng;555;_Providence_Ethan_011011-ortholines.txt;500;1;10;11
/Users/alejandrinacristia/Dropbox/SegCatSpa/Corpora/cha//eng/Providence/Ethan;11023;"1;10.23";3;"Mother;Camera_Operator;Toy;";2;eng;751;_Providence_Ethan_011023-ortholines.txt;700;1;10;23
/Users/alejandrinacristia/Dropbox/SegCatSpa/Corpora/cha//eng/Providence/Ethan;11110;"1;11.10";1;"Mother;";1;eng;538;_Providence_Ethan_011110-ortholines.txt;500;1;11;10
/Users/alejandrinacristia/Dropbox/SegCatSpa/Corpora/cha//eng/Providence/Ethan;11121;"1;11.21";2;"Mother;Camera_Operator;";2;eng;835;_Providence_Ethan_011121-ortholines.txt;800;1;11;21
/Users/alejandrinacristia/Dropbox/SegCatSpa/Corpora/cha//eng/Providence/Ethan;20007;"2;00.07";2;"Mother;Camera_Operator;";2;eng;350;_Providence_Ethan_020007-ortholines.txt;300;2;00;07
/Users/alejandrinacristia/Dropbox/SegCatSpa/Corpora/cha//eng/Providence/Ethan;20025;"2;00.25";1;"Mother;";1;eng;662;_Providence_Ethan_020025-ortholines.txt;600;2;00;25
/Users/alejandrinacristia/Dropbox/SegCatSpa/Corpora/cha//eng/Providence/Ethan;20122;"2;01.22";1;"Mother;";1;eng;668;_Providence_Ethan_020122-ortholines.txt;600;2;01;22
/Users/alejandrinacristia/Dropbox/SegCatSpa/Corpora/cha//eng/Providence/Ethan;20208;"2;02.08";1;"Mother;";1;eng;408;_Providence_Ethan_020208-ortholines.txt;400;2;02;08
/Users/alejandrinacristia/Dropbox/SegCatSpa/Corpora/cha//eng/Providence/Ethan;20222;"2;02.22";1;"Mother;";1;eng;714;_Providence_Ethan_020222-ortholines.txt;700;2;02;22
/Users/alejandrinacristia/Dropbox/SegCatSpa/Corpora/cha//eng/Providence/Ethan;20319;"2;03.19";2;"Mother;Camera_Operator;";2;eng;823;_Providence_Ethan_020319-ortholines.txt;800;2;03;19
/Users/alejandrinacristia/Dropbox/SegCatSpa/Corpora/cha//eng/Providence/Ethan;20402;"2;04.02";4;"Mother;Camera_Operator;Toy;Toy;";2;eng;938;_Providence_Ethan_020402-ortholines.txt;900;2;04;02
/Users/alejandrinacristia/Dropbox/SegCatSpa/Corpora/cha//eng/Providence/Ethan;20419;"2;04.19";1;"Mother;";1;eng;786;_Providence_Ethan_020419-ortholines.txt;700;2;04;19
/Users/alejandrinacristia/Dropbox/SegCatSpa/Corpora/cha//eng/Providence/Ethan;20500;"2;05.";2;"Mother;Toy;";1;eng;758;_Providence_Ethan_020500-ortholines.txt;700;2;05;
/Users/alejandrinacristia/Dropbox/SegCatSpa/Corpora/cha//eng/Providence/Ethan;20515;"2;05.15";1;"Mother;";1;eng;795;_Providence_Ethan_020515-ortholines.txt;700;2;05;15
/Users/alejandrinacristia/Dropbox/SegCatSpa/Corpora/cha//eng/Providence/Ethan;20526;"2;05.26";2;"Mother;Camera_Operator;";2;eng;877;_Providence_Ethan_020526-ortholines.txt;800;2;05;26
/Users/alejandrinacristia/Dropbox/SegCatSpa/Corpora/cha//eng/Providence/Ethan;20611;"2;06.11";2;"Mother;Camera_Operator;";2;eng;607;_Providence_Ethan_020611-ortholines.txt;600;2;06;11
/Users/alejandrinacristia/Dropbox/SegCatSpa/Corpora/cha//eng/Providence/Ethan;20624;"2;06.24";1;"Mother;";1;eng;712;_Providence_Ethan_020624-ortholines.txt;700;2;06;24
/Users/alejandrinacristia/Dropbox/SegCatSpa/Corpora/cha//eng/Providence/Ethan;20709;"2;07.09";2;"Mother;Camera_Operator;";2;eng;759;_Providence_Ethan_020709-ortholines.txt;700;2;07;09
/Users/alejandrinacristia/Dropbox/SegCatSpa/Corpora/cha//eng/Providence/Ethan;20725;"2;07.25";1;"Mother;";1;eng;740;_Providence_Ethan_020725-ortholines.txt;700;2;07;25
/Users/alejandrinacristia/Dropbox/SegCatSpa/Corpora/cha//eng/Providence/Ethan;20810;"2;08.10";1;"Mother;";1;eng;844;_Providence_Ethan_020810-ortholines.txt;800;2;08;10
/Users/alejandrinacristia/Dropbox/SegCatSpa/Corpora/cha//eng/Providence/Ethan;20900;"2;09.";1;"Mother;";1;eng;880;_Providence_Ethan_020900-ortholines.txt;800;2;09;
/Users/alejandrinacristia/Dropbox/SegCatSpa/Corpora/cha//eng/Providence/Ethan;20907;"2;09.07";2;"Mother;Father;";2;eng;752;_Providence_Ethan_020907-ortholines.txt;700;2;09;07
/Users/alejandrinacristia/Dropbox/SegCatSpa/Corpora/cha//eng/Providence/Ethan;20920;"2;09.20";5;"Mother;Toy;Toy;Toy;Camera_Operator;";2;eng;802;_Providence_Ethan_020920-ortholines.txt;800;2;09;20
/Users/alejandrinacristia/Dropbox/SegCatSpa/Corpora/cha//eng/Providence/Ethan;21005;"2;10.05";1;"Mother;";1;eng;733;_Providence_Ethan_021005-ortholines.txt;700;2;10;05
/Users/alejandrinacristia/Dropbox/SegCatSpa/Corpora/cha//eng/Providence/Ethan;21018;"2;10.18";1;"Mother;";1;eng;716;_Providence_Ethan_021018-ortholines.txt;700;2;10;18
/Users/alejandrinacristia/Dropbox/SegCatSpa/Corpora/cha//eng/Providence/Ethan;21101;"2;11.01";1;"Mother;";1;eng;846;_Providence_Ethan_021101-ortholines.txt;800;2;11;01
/Users/alejandrinacristia/Dropbox/SegCatSpa/Corpora/cha//eng/Providence/Lily;10102;"1;01.02";1;"Mother;";1;eng;1214;_Providence_Lily_010102-ortholines.txt;1200;1;01;02
/Users/alejandrinacristia/Dropbox/SegCatSpa/Corpora/cha//eng/Providence/Lily;10117;"1;01.17";2;"Mother;Toy;";1;eng;1242;_Providence_Lily_010117-ortholines.txt;1200;1;01;17
/Users/alejandrinacristia/Dropbox/SegCatSpa/Corpora/cha//eng/Providence/Lily;10202;"1;02.02";2;"Mother;Toy;";1;eng;1058;_Providence_Lily_010202-ortholines.txt;1000;1;02;02
/Users/alejandrinacristia/Dropbox/SegCatSpa/Corpora/cha//eng/Providence/Lily;10213;"1;02.13";2;"Mother;Toy;";1;eng;1020;_Providence_Lily_010213-ortholines.txt;1000;1;02;13
/Users/alejandrinacristia/Dropbox/SegCatSpa/Corpora/cha//eng/Providence/Lily;10228;"1;02.28";3;"Mother;Camera_Operator;Toy;";2;eng;1183;_Providence_Lily_010228-ortholines.txt;1100;1;02;28
/Users/alejandrinacristia/Dropbox/SegCatSpa/Corpora/cha//eng/Providence/Lily;10313;"1;03.13";3;"Mother;Camera_Operator;Toy;";2;eng;902;_Providence_Lily_010313-ortholines.txt;900;1;03;13
/Users/alejandrinacristia/Dropbox/SegCatSpa/Corpora/cha//eng/Providence/Lily;10323;"1;03.23";1;"Mother;";1;eng;810;_Providence_Lily_010323-ortholines.txt;800;1;03;23
/Users/alejandrinacristia/Dropbox/SegCatSpa/Corpora/cha//eng/Providence/Lily;10326;"1;03.26";1;"Mother;";1;eng;1049;_Providence_Lily_010326-ortholines.txt;1000;1;03;26
/Users/alejandrinacristia/Dropbox/SegCatSpa/Corpora/cha//eng/Providence/Lily;10423;"1;04.23";1;"Mother;";1;eng;844;_Providence_Lily_010423-ortholines.txt;800;1;04;23
/Users/alejandrinacristia/Dropbox/SegCatSpa/Corpora/cha//eng/Providence/Lily;10508;"1;05.08";2;"Mother;Toy;";1;eng;844;_Providence_Lily_010508-ortholines.txt;800;1;05;08
/Users/alejandrinacristia/Dropbox/SegCatSpa/Corpora/cha//eng/Providence/Lily;10521;"1;05.21";3;"Mother;Environment;Camera_Operator;";2;eng;963;_Providence_Lily_010521-ortholines.txt;900;1;05;21
/Users/alejandrinacristia/Dropbox/SegCatSpa/Corpora/cha//eng/Providence/Lily;10611;"1;06.11";2;"Mother;Environment;";1;eng;908;_Providence_Lily_010611-ortholines.txt;900;1;06;11
/Users/alejandrinacristia/Dropbox/SegCatSpa/Corpora/cha//eng/Providence/Lily;10618;"1;06.18";1;"Mother;";1;eng;972;_Providence_Lily_010618-ortholines.txt;900;1;06;18
/Users/alejandrinacristia/Dropbox/SegCatSpa/Corpora/cha//eng/Providence/Lily;10701;"1;07.01";3;"Mother;Camera_Operator;Toy;";2;eng;1193;_Providence_Lily_010701-ortholines.txt;1100;1;07;01
/Users/alejandrinacristia/Dropbox/SegCatSpa/Corpora/cha//eng/Providence/Lily;10719;"1;07.19";2;"Mother;Camera_Operator;";2;eng;1165;_Providence_Lily_010719-ortholines.txt;1100;1;07;19
/Users/alejandrinacristia/Dropbox/SegCatSpa/Corpora/cha//eng/Providence/Lily;10803;"1;08.03";3;"Mother;Father;Camera_Operator;";3;eng;1079;_Providence_Lily_010803-ortholines.txt;1000;1;08;03
/Users/alejandrinacristia/Dropbox/SegCatSpa/Corpora/cha//eng/Providence/Lily;10814;"1;08.14";4;"Mother;Camera_Operator;Camera_Operator;Environment;";3;eng;984;_Providence_Lily_010814-ortholines.txt;900;1;08;14
/Users/alejandrinacristia/Dropbox/SegCatSpa/Corpora/cha//eng/Providence/Lily;10827;"1;08.27";3;"Mother;Camera_Operator;Environment;";2;eng;1110;_Providence_Lily_010827-ortholines.txt;1100;1;08;27
/Users/alejandrinacristia/Dropbox/SegCatSpa/Corpora/cha//eng/Providence/Lily;10912;"1;09.12";4;"Mother;Father;Camera_Operator;Toy;";3;eng;1205;_Providence_Lily_010912-ortholines.txt;1200;1;09;12
/Users/alejandrinacristia/Dropbox/SegCatSpa/Corpora/cha//eng/Providence/Lily;10925;"1;09.25";2;"Mother;Camera_Operator;";2;eng;1050;_Providence_Lily_010925-ortholines.txt;1000;1;09;25
/Users/alejandrinacristia/Dropbox/SegCatSpa/Corpora/cha//eng/Providence/Lily;11009;"1;10.09";2;"Mother;Camera_Operator;";2;eng;1091;_Providence_Lily_011009-ortholines.txt;1000;1;10;09
/Users/alejandrinacristia/Dropbox/SegCatSpa/Corpora/cha//eng/Providence/Lily;11022;"1;10.22";3;"Mother;Father;Camera_Operator;";3;eng;1143;_Providence_Lily_011022-ortholines.txt;1100;1;10;22
/Users/alejandrinacristia/Dropbox/SegCatSpa/Corpora/cha//eng/Providence/Lily;11107;"1;11.07";2;"Mother;Camera_Operator;";2;eng;828;_Providence_Lily_011107-ortholines.txt;800;1;11;07
/Users/alejandrinacristia/Dropbox/SegCatSpa/Corpora/cha//eng/Providence/Lily;11126;"1;11.26";3;"Mother;Camera_Operator;Adult;";3;eng;971;_Providence_Lily_011126-ortholines.txt;900;1;11;26
/Users/alejandrinacristia/Dropbox/SegCatSpa/Corpora/cha//eng/Providence/Lily;20004;"2;00.04";2;"Mother;Camera_Operator;";2;eng;1030;_Providence_Lily_020004-ortholines.txt;1000;2;00;04
/Users/alejandrinacristia/Dropbox/SegCatSpa/Corpora/cha//eng/Providence/Lily;20011;"2;00.11";2;"Mother;Camera_Operator;";2;eng;1046;_Providence_Lily_020011-ortholines.txt;1000;2;00;11
/Users/alejandrinacristia/Dropbox/SegCatSpa/Corpora/cha//eng/Providence/Lily;20023;"2;00.23";5;"Mother;Father;Camera_Operator;Family_Friend;Environment;";4;eng;1067;_Providence_Lily_020023-ortholines.txt;1000;2;00;23
/Users/alejandrinacristia/Dropbox/SegCatSpa/Corpora/cha//eng/Providence/Lily;20101;"2;01.01";2;"Mother;Camera_Operator;";2;eng;872;_Providence_Lily_020101-ortholines.txt;800;2;01;01
/Users/alejandrinacristia/Dropbox/SegCatSpa/Corpora/cha//eng/Providence/Lily;20108;"2;01.08";2;"Mother;Camera_Operator;";2;eng;902;_Providence_Lily_020108-ortholines.txt;900;2;01;08
/Users/alejandrinacristia/Dropbox/SegCatSpa/Corpora/cha//eng/Providence/Lily;20115;"2;01.15";1;"Mother;";1;eng;953;_Providence_Lily_020115-ortholines.txt;900;2;01;15
/Users/alejandrinacristia/Dropbox/SegCatSpa/Corpora/cha//eng/Providence/Lily;20123;"2;01.23";2;"Mother;Camera_Operator;";2;eng;865;_Providence_Lily_020123-ortholines.txt;800;2;01;23
/Users/alejandrinacristia/Dropbox/SegCatSpa/Corpora/cha//eng/Providence/Lily;20201;"2;02.01";3;"Mother;Father;Camera_Operator;";3;eng;1297;_Providence_Lily_020201-ortholines.txt;1200;2;02;01
/Users/alejandrinacristia/Dropbox/SegCatSpa/Corpora/cha//eng/Providence/Lily;020215a;"2;02.15";2;"Mother;Camera_Operator;";2;eng;872;_Providence_Lily_020215a-ortholines.txt;800;2;02;15
/Users/alejandrinacristia/Dropbox/SegCatSpa/Corpora/cha//eng/Providence/Lily;020215b;"2;02.15";3;"Mother;Camera_Operator;Toy;";2;eng;848;_Providence_Lily_020215b-ortholines.txt;800;2;02;15
/Users/alejandrinacristia/Dropbox/SegCatSpa/Corpora/cha//eng/Providence/Lily;20227;"2;02.27";1;"Mother;";1;eng;809;_Providence_Lily_020227-ortholines.txt;800;2;02;27
/Users/alejandrinacristia/Dropbox/SegCatSpa/Corpora/cha//eng/Providence/Lily;20305;"2;03.05";2;"Mother;Camera_Operator;";2;eng;748;_Providence_Lily_020305-ortholines.txt;700;2;03;05
/Users/alejandrinacristia/Dropbox/SegCatSpa/Corpora/cha//eng/Providence/Lily;20317;"2;03.17";2;"Mother;Camera_Operator;";2;eng;690;_Providence_Lily_020317-ortholines.txt;600;2;03;17
/Users/alejandrinacristia/Dropbox/SegCatSpa/Corpora/cha//eng/Providence/Lily;20402;"2;04.02";2;"Mother;Camera_Operator;";2;eng;662;_Providence_Lily_020402-ortholines.txt;600;2;04;02
/Users/alejandrinacristia/Dropbox/SegCatSpa/Corpora/cha//eng/Providence/Lily;20409;"2;04.09";2;"Mother;Camera_Operator;";2;eng;850;_Providence_Lily_020409-ortholines.txt;800;2;04;09
/Users/alejandrinacristia/Dropbox/SegCatSpa/Corpora/cha//eng/Providence/Lily;20416;"2;04.16";3;"Mother;Camera_Operator;Visitor;";3;eng;636;_Providence_Lily_020416-ortholines.txt;600;2;04;16
/Users/alejandrinacristia/Dropbox/SegCatSpa/Corpora/cha//eng/Providence/Lily;20428;"2;04.28";2;"Mother;Camera_Operator;";2;eng;685;_Providence_Lily_020428-ortholines.txt;600;2;04;28
/Users/alejandrinacristia/Dropbox/SegCatSpa/Corpora/cha//eng/Providence/Lily;20506;"2;05.06";4;"Mother;Father;Environment;Camera_Operator;";3;eng;408;_Providence_Lily_020506-ortholines.txt;400;2;05;06
/Users/alejandrinacristia/Dropbox/SegCatSpa/Corpora/cha//eng/Providence/Lily;20518;"2;05.18";1;"Mother;";1;eng;1005;_Providence_Lily_020518-ortholines.txt;1000;2;05;18
/Users/alejandrinacristia/Dropbox/SegCatSpa/Corpora/cha//eng/Providence/Lily;20526;"2;05.26";2;"Mother;Camera_Operator;";2;eng;852;_Providence_Lily_020526-ortholines.txt;800;2;05;26
/Users/alejandrinacristia/Dropbox/SegCatSpa/Corpora/cha//eng/Providence/Lily;20604;"2;06.04";2;"Mother;Camera_Operator;";2;eng;941;_Providence_Lily_020604-ortholines.txt;900;2;06;04
/Users/alejandrinacristia/Dropbox/SegCatSpa/Corpora/cha//eng/Providence/Lily;20612;"2;06.12";4;"Mother;Camera_Operator;Visitor;Unidentified;";4;eng;576;_Providence_Lily_020612-ortholines.txt;500;2;06;12
/Users/alejandrinacristia/Dropbox/SegCatSpa/Corpora/cha//eng/Providence/Lily;20618;"2;06.18";1;"Mother;";1;eng;301;_Providence_Lily_020618-ortholines.txt;300;2;06;18
/Users/alejandrinacristia/Dropbox/SegCatSpa/Corpora/cha//eng/Providence/Lily;20623;"2;06.23";3;"Mother;Camera_Operator;Unidentified;";3;eng;997;_Providence_Lily_020623-ortholines.txt;900;2;06;23
/Users/alejandrinacristia/Dropbox/SegCatSpa/Corpora/cha//eng/Providence/Lily;20700;"2;07.";2;"Mother;Camera_Operator;";2;eng;625;_Providence_Lily_020700-ortholines.txt;600;2;07;
/Users/alejandrinacristia/Dropbox/SegCatSpa/Corpora/cha//eng/Providence/Lily;20701;"2;07.01";2;"Mother;Camera_Operator;";2;eng;610;_Providence_Lily_020701-ortholines.txt;600;2;07;01
/Users/alejandrinacristia/Dropbox/SegCatSpa/Corpora/cha//eng/Providence/Lily;20716;"2;07.16";2;"Mother;Camera_Operator;";2;eng;776;_Providence_Lily_020716-ortholines.txt;700;2;07;16
/Users/alejandrinacristia/Dropbox/SegCatSpa/Corpora/cha//eng/Providence/Lily;20721;"2;07.21";2;"Mother;Camera_Operator;";2;eng;914;_Providence_Lily_020721-ortholines.txt;900;2;07;21
/Users/alejandrinacristia/Dropbox/SegCatSpa/Corpora/cha//eng/Providence/Lily;20728;"2;07.28";1;"Mother;";1;eng;786;_Providence_Lily_020728-ortholines.txt;700;2;07;28
/Users/alejandrinacristia/Dropbox/SegCatSpa/Corpora/cha//eng/Providence/Lily;20806;"2;08.06";2;"Mother;Camera_Operator;";2;eng;790;_Providence_Lily_020806-ortholines.txt;700;2;08;06
/Users/alejandrinacristia/Dropbox/SegCatSpa/Corpora/cha//eng/Providence/Lily;20813;"2;08.13";2;"Mother;Camera_Operator;";2;eng;780;_Providence_Lily_020813-ortholines.txt;700;2;08;13
/Users/alejandrinacristia/Dropbox/SegCatSpa/Corpora/cha//eng/Providence/Lily;20819;"2;08.19";3;"Mother;Camera_Operator;Toy;";2;eng;739;_Providence_Lily_020819-ortholines.txt;700;2;08;19
/Users/alejandrinacristia/Dropbox/SegCatSpa/Corpora/cha//eng/Providence/Lily;20904;"2;09.04";2;"Mother;Camera_Operator;";2;eng;953;_Providence_Lily_020904-ortholines.txt;900;2;09;04
/Users/alejandrinacristia/Dropbox/SegCatSpa/Corpora/cha//eng/Providence/Lily;20909;"2;09.09";1;"Mother;";1;eng;763;_Providence_Lily_020909-ortholines.txt;700;2;09;09
/Users/alejandrinacristia/Dropbox/SegCatSpa/Corpora/cha//eng/Providence/Lily;20918;"2;09.18";1;"Mother;";1;eng;742;_Providence_Lily_020918-ortholines.txt;700;2;09;18
/Users/alejandrinacristia/Dropbox/SegCatSpa/Corpora/cha//eng/Providence/Lily;20923;"2;09.23";2;"Mother;Camera_Operator;";2;eng;809;_Providence_Lily_020923-ortholines.txt;800;2;09;23
/Users/alejandrinacristia/Dropbox/SegCatSpa/Corpora/cha//eng/Providence/Lily;21008;"2;10.08";2;"Mother;Camera_Operator;";2;eng;890;_Providence_Lily_021008-ortholines.txt;800;2;10;08
/Users/alejandrinacristia/Dropbox/SegCatSpa/Corpora/cha//eng/Providence/Lily;21025;"2;10.25";2;"Mother;Environment;";1;eng;666;_Providence_Lily_021025-ortholines.txt;600;2;10;25
/Users/alejandrinacristia/Dropbox/SegCatSpa/Corpora/cha//eng/Providence/Lily;21028;"2;10.28";2;"Mother;Camera_Operator;";2;eng;798;_Providence_Lily_021028-ortholines.txt;700;2;10;28
/Users/alejandrinacristia/Dropbox/SegCatSpa/Corpora/cha//eng/Providence/Lily;21106;"2;11.06";2;"Mother;Camera_Operator;";2;eng;901;_Providence_Lily_021106-ortholines.txt;900;2;11;06
/Users/alejandrinacristia/Dropbox/SegCatSpa/Corpora/cha//eng/Providence/Lily;21125;"2;11.25";3;"Mother;Camera_Operator;Toy;";2;eng;773;_Providence_Lily_021125-ortholines.txt;700;2;11;25
/Users/alejandrinacristia/Dropbox/SegCatSpa/Corpora/cha//eng/Providence/Lily;30003;"3;00.03";3;"Mother;Camera_Operator;Non_Human;";2;eng;733;_Providence_Lily_030003-ortholines.txt;700;3;00;03
/Users/alejandrinacristia/Dropbox/SegCatSpa/Corpora/cha//eng/Providence/Lily;30010;"3;00.10";2;"Mother;Camera_Operator;";2;eng;741;_Providence_Lily_030010-ortholines.txt;700;3;00;10
/Users/alejandrinacristia/Dropbox/SegCatSpa/Corpora/cha//eng/Providence/Lily;30025;"3;00.25";2;"Mother;Camera_Operator;";2;eng;628;_Providence_Lily_030025-ortholines.txt;600;3;00;25
/Users/alejandrinacristia/Dropbox/SegCatSpa/Corpora/cha//eng/Providence/Lily;30100;"3;01.";2;"Mother;Camera_Operator;";2;eng;669;_Providence_Lily_030100-ortholines.txt;600;3;01;
/Users/alejandrinacristia/Dropbox/SegCatSpa/Corpora/cha//eng/Providence/Lily;30121;"3;01.21";2;"Mother;Camera_Operator;";2;eng;804;_Providence_Lily_030121-ortholines.txt;800;3;01;21
/Users/alejandrinacristia/Dropbox/SegCatSpa/Corpora/cha//eng/Providence/Lily;30218;"3;02.18";3;"Mother;Camera_Operator;Environment;";2;eng;838;_Providence_Lily_030218-ortholines.txt;800;3;02;18
/Users/alejandrinacristia/Dropbox/SegCatSpa/Corpora/cha//eng/Providence/Lily;30323;"3;03.23";2;"Mother;Camera_Operator;";2;eng;826;_Providence_Lily_030323-ortholines.txt;800;3;03;23
/Users/alejandrinacristia/Dropbox/SegCatSpa/Corpora/cha//eng/Providence/Lily;30420;"3;04.20";2;"Mother;Camera_Operator;";2;eng;675;_Providence_Lily_030420-ortholines.txt;600;3;04;20
/Users/alejandrinacristia/Dropbox/SegCatSpa/Corpora/cha//eng/Providence/Lily;30528;"3;05.28";2;"Mother;Camera_Operator;";2;eng;740;_Providence_Lily_030528-ortholines.txt;700;3;05;28
/Users/alejandrinacristia/Dropbox/SegCatSpa/Corpora/cha//eng/Providence/Lily;30725;"3;07.25";4;"Mother;Father;Camera_Operator;Observer;";4;eng;708;_Providence_Lily_030725-ortholines.txt;700;3;07;25
/Users/alejandrinacristia/Dropbox/SegCatSpa/Corpora/cha//eng/Providence/Lily;30823;"3;08.23";2;"Mother;Camera_Operator;";2;eng;576;_Providence_Lily_030823-ortholines.txt;500;3;08;23
/Users/alejandrinacristia/Dropbox/SegCatSpa/Corpora/cha//eng/Providence/Lily;030927a;"3;09.27";3;"Mother;Camera_Operator;Adult;";3;eng;863;_Providence_Lily_030927a-ortholines.txt;800;3;09;27
/Users/alejandrinacristia/Dropbox/SegCatSpa/Corpora/cha//eng/Providence/Lily;030927b;"3;09.27";2;"Mother;Camera_Operator;";2;eng;883;_Providence_Lily_030927b-ortholines.txt;800;3;09;27
/Users/alejandrinacristia/Dropbox/SegCatSpa/Corpora/cha//eng/Providence/Lily;31025;"3;10.25";2;"Mother;Camera_Operator;";2;eng;882;_Providence_Lily_031025-ortholines.txt;800;3;10;25
/Users/alejandrinacristia/Dropbox/SegCatSpa/Corpora/cha//eng/Providence/Lily;40002;"4;00.02";4;"Mother;Camera_Operator;Adult;Toy;";3;eng;910;_Providence_Lily_040002-ortholines.txt;900;4;00;02
/Users/alejandrinacristia/Dropbox/SegCatSpa/Corpora/cha//eng/Providence/Naima;1126;"0;11.26";2;"Mother;Father;";2;eng;1043;_Providence_Naima_001126-ortholines.txt;1000;0;11;26
/Users/alejandrinacristia/Dropbox/SegCatSpa/Corpora/cha//eng/Providence/Naima;10014;"1;00.14";1;"Mother;";1;eng;935;_Providence_Naima_010014-ortholines.txt;900;1;00;14
/Users/alejandrinacristia/Dropbox/SegCatSpa/Corpora/cha//eng/Providence/Naima;10026;"1;00.26";2;"Mother;Father;";2;eng;860;_Providence_Naima_010026-ortholines.txt;800;1;00;26
/Users/alejandrinacristia/Dropbox/SegCatSpa/Corpora/cha//eng/Providence/Naima;10111;"1;01.11";1;"Mother;";1;eng;393;_Providence_Naima_010111-ortholines.txt;300;1;01;11
/Users/alejandrinacristia/Dropbox/SegCatSpa/Corpora/cha//eng/Providence/Naima;10124;"1;01.24";1;"Mother;";1;eng;512;_Providence_Naima_010124-ortholines.txt;500;1;01;24
/Users/alejandrinacristia/Dropbox/SegCatSpa/Corpora/cha//eng/Providence/Naima;10207;"1;02.07";2;"Mother;Father;";2;eng;477;_Providence_Naima_010207-ortholines.txt;400;1;02;07
/Users/alejandrinacristia/Dropbox/SegCatSpa/Corpora/cha//eng/Providence/Naima;10221;"1;02.21";2;"Mother;Father;";2;eng;809;_Providence_Naima_010221-ortholines.txt;800;1;02;21
/Users/alejandrinacristia/Dropbox/SegCatSpa/Corpora/cha//eng/Providence/Naima;10307;"1;03.07";2;"Mother;Adult;";2;eng;799;_Providence_Naima_010307-ortholines.txt;700;1;03;07
/Users/alejandrinacristia/Dropbox/SegCatSpa/Corpora/cha//eng/Providence/Naima;10312;"1;03.12";2;"Mother;Adult;";2;eng;1105;_Providence_Naima_010312-ortholines.txt;1100;1;03;12
/Users/alejandrinacristia/Dropbox/SegCatSpa/Corpora/cha//eng/Providence/Naima;10325;"1;03.25";3;"Mother;Father;Environment;";2;eng;957;_Providence_Naima_010325-ortholines.txt;900;1;03;25
/Users/alejandrinacristia/Dropbox/SegCatSpa/Corpora/cha//eng/Providence/Naima;10403;"1;04.03";2;"Mother;Father;";2;eng;1069;_Providence_Naima_010403-ortholines.txt;1000;1;04;03
/Users/alejandrinacristia/Dropbox/SegCatSpa/Corpora/cha//eng/Providence/Naima;10410;"1;04.10";2;"Mother;Father;";2;eng;863;_Providence_Naima_010410-ortholines.txt;800;1;04;10
/Users/alejandrinacristia/Dropbox/SegCatSpa/Corpora/cha//eng/Providence/Naima;10416;"1;04.16";4;"Mother;Adult;Adult;Adult;";4;eng;1129;_Providence_Naima_010416-ortholines.txt;1100;1;04;16
/Users/alejandrinacristia/Dropbox/SegCatSpa/Corpora/cha//eng/Providence/Naima;10423;"1;04.23";3;"Mother;Adult;Father;";3;eng;873;_Providence_Naima_010423-ortholines.txt;800;1;04;23
/Users/alejandrinacristia/Dropbox/SegCatSpa/Corpora/cha//eng/Providence/Naima;10502;"1;05.02";2;"Mother;Father;";2;eng;720;_Providence_Naima_010502-ortholines.txt;700;1;05;02
/Users/alejandrinacristia/Dropbox/SegCatSpa/Corpora/cha//eng/Providence/Naima;10511;"1;05.11";3;"Mother;Father;Adult;";3;eng;846;_Providence_Naima_010511-ortholines.txt;800;1;05;11
/Users/alejandrinacristia/Dropbox/SegCatSpa/Corpora/cha//eng/Providence/Naima;10524;"1;05.24";2;"Mother;Father;";2;eng;587;_Providence_Naima_010524-ortholines.txt;500;1;05;24
/Users/alejandrinacristia/Dropbox/SegCatSpa/Corpora/cha//eng/Providence/Naima;10604;"1;06.04";3;"Mother;Adult;Father;";3;eng;930;_Providence_Naima_010604-ortholines.txt;900;1;06;04
/Users/alejandrinacristia/Dropbox/SegCatSpa/Corpora/cha//eng/Providence/Naima;10609;"1;06.09";1;"Mother;";1;eng;859;_Providence_Naima_010609-ortholines.txt;800;1;06;09
/Users/alejandrinacristia/Dropbox/SegCatSpa/Corpora/cha//eng/Providence/Naima;10620;"1;06.20";2;"Mother;Father;";2;eng;879;_Providence_Naima_010620-ortholines.txt;800;1;06;20
/Users/alejandrinacristia/Dropbox/SegCatSpa/Corpora/cha//eng/Providence/Naima;10700;"1;07.";4;"Mother;Adult;Adult;Toy;";3;eng;667;_Providence_Naima_010700-ortholines.txt;600;1;07;
/Users/alejandrinacristia/Dropbox/SegCatSpa/Corpora/cha//eng/Providence/Naima;10710;"1;07.10";2;"Mother;Father;";2;eng;885;_Providence_Naima_010710-ortholines.txt;800;1;07;10
/Users/alejandrinacristia/Dropbox/SegCatSpa/Corpora/cha//eng/Providence/Naima;10717;"1;07.17";1;"Mother;";1;eng;642;_Providence_Naima_010717-ortholines.txt;600;1;07;17
/Users/alejandrinacristia/Dropbox/SegCatSpa/Corpora/cha//eng/Providence/Naima;10723;"1;07.23";4;"Mother;Grandmother;Father;Environment;";3;eng;1215;_Providence_Naima_010723-ortholines.txt;1200;1;07;23
/Users/alejandrinacristia/Dropbox/SegCatSpa/Corpora/cha//eng/Providence/Naima;10801;"1;08.01";1;"Mother;";1;eng;664;_Providence_Naima_010801-ortholines.txt;600;1;08;01
/Users/alejandrinacristia/Dropbox/SegCatSpa/Corpora/cha//eng/Providence/Naima;10808;"1;08.08";1;"Mother;";1;eng;799;_Providence_Naima_010808-ortholines.txt;700;1;08;08
/Users/alejandrinacristia/Dropbox/SegCatSpa/Corpora/cha//eng/Providence/Naima;10818;"1;08.18";1;"Mother;";1;eng;731;_Providence_Naima_010818-ortholines.txt;;1;08;18
/Users/alejandrinacristia/Dropbox/SegCatSpa/Corpora/cha//eng/Providence/Naima;10821;"1;08.21";1;"Mother;";1;eng;832;_Providence_Naima_010821-ortholines.txt;800;1;08;21
/Users/alejandrinacristia/Dropbox/SegCatSpa/Corpora/cha//eng/Providence/Naima;10908;"1;09.08";3;"Mother;Environment;Grandmother;";2;eng;645;_Providence_Naima_010908-ortholines.txt;600;1;09;08
/Users/alejandrinacristia/Dropbox/SegCatSpa/Corpora/cha//eng/Providence/Naima;10910;"1;09.10";2;"Father;Mother;";2;eng;991;_Providence_Naima_010910-ortholines.txt;900;1;09;10
/Users/alejandrinacristia/Dropbox/SegCatSpa/Corpora/cha//eng/Providence/Naima;10915;"1;09.15";1;"Mother;";1;eng;453;_Providence_Naima_010915-ortholines.txt;400;1;09;15
/Users/alejandrinacristia/Dropbox/SegCatSpa/Corpora/cha//eng/Providence/Naima;10921;"1;09.21";3;"Mother;Father;Toy;";2;eng;697;_Providence_Naima_010921-ortholines.txt;600;1;09;21
/Users/alejandrinacristia/Dropbox/SegCatSpa/Corpora/cha//eng/Providence/Naima;10925;"1;09.25";1;"Mother;";1;eng;741;_Providence_Naima_010925-ortholines.txt;700;1;09;25
/Users/alejandrinacristia/Dropbox/SegCatSpa/Corpora/cha//eng/Providence/Naima;11005;"1;10.05";2;"Mother;Father;";2;eng;561;_Providence_Naima_011005-ortholines.txt;500;1;10;05
/Users/alejandrinacristia/Dropbox/SegCatSpa/Corpora/cha//eng/Providence/Naima;11012;"1;10.12";1;"Mother;";1;eng;1066;_Providence_Naima_011012-ortholines.txt;1000;1;10;12
/Users/alejandrinacristia/Dropbox/SegCatSpa/Corpora/cha//eng/Providence/Naima;11018;"1;10.18";2;"Mother;Father;";2;eng;599;_Providence_Naima_011018-ortholines.txt;500;1;10;18
/Users/alejandrinacristia/Dropbox/SegCatSpa/Corpora/cha//eng/Providence/Naima;11027;"1;10.27";1;"Mother;";1;eng;925;_Providence_Naima_011027-ortholines.txt;900;1;10;27
/Users/alejandrinacristia/Dropbox/SegCatSpa/Corpora/cha//eng/Providence/Naima;11107;"1;11.07";1;"Mother;";1;eng;636;_Providence_Naima_011107-ortholines.txt;600;1;11;07
/Users/alejandrinacristia/Dropbox/SegCatSpa/Corpora/cha//eng/Providence/Naima;11116;"1;11.16";2;"Mother;Father;";2;eng;278;_Providence_Naima_011116-ortholines.txt;200;1;11;16
/Users/alejandrinacristia/Dropbox/SegCatSpa/Corpora/cha//eng/Providence/Naima;11122;"1;11.22";2;"Mother;Father;";2;eng;686;_Providence_Naima_011122-ortholines.txt;600;1;11;22
/Users/alejandrinacristia/Dropbox/SegCatSpa/Corpora/cha//eng/Providence/Naima;11126;"1;11.26";1;"Mother;";1;eng;730;_Providence_Naima_011126-ortholines.txt;700;1;11;26
/Users/alejandrinacristia/Dropbox/SegCatSpa/Corpora/cha//eng/Providence/Naima;20004;"2;00.04";2;"Mother;Father;";2;eng;888;_Providence_Naima_020004-ortholines.txt;800;2;00;04
/Users/alejandrinacristia/Dropbox/SegCatSpa/Corpora/cha//eng/Providence/Naima;20012;"2;00.12";2;"Mother;Father;";2;eng;504;_Providence_Naima_020012-ortholines.txt;500;2;00;12
/Users/alejandrinacristia/Dropbox/SegCatSpa/Corpora/cha//eng/Providence/Naima;20017;"2;00.17";1;"Mother;";1;eng;628;_Providence_Naima_020017-ortholines.txt;600;2;00;17
/Users/alejandrinacristia/Dropbox/SegCatSpa/Corpora/cha//eng/Providence/Naima;20100;"2;01.";2;"Mother;Father;";2;eng;878;_Providence_Naima_020100-ortholines.txt;800;2;01;
/Users/alejandrinacristia/Dropbox/SegCatSpa/Corpora/cha//eng/Providence/Naima;20110;"2;01.10";1;"Mother;";1;eng;879;_Providence_Naima_020110-ortholines.txt;800;2;01;10
/Users/alejandrinacristia/Dropbox/SegCatSpa/Corpora/cha//eng/Providence/Naima;20116;"2;01.16";1;"Mother;";1;eng;969;_Providence_Naima_020116-ortholines.txt;900;2;01;16
/Users/alejandrinacristia/Dropbox/SegCatSpa/Corpora/cha//eng/Providence/Naima;20124;"2;01.24";2;"Mother;Environment;";1;eng;437;_Providence_Naima_020124-ortholines.txt;400;2;01;24
/Users/alejandrinacristia/Dropbox/SegCatSpa/Corpora/cha//eng/Providence/Naima;20202;"2;02.02";2;"Mother;Father;";2;eng;890;_Providence_Naima_020202-ortholines.txt;800;2;02;02
/Users/alejandrinacristia/Dropbox/SegCatSpa/Corpora/cha//eng/Providence/Naima;20211;"2;02.11";4;"Mother;Father;Grandfather;Grandmother;";4;eng;804;_Providence_Naima_020211-ortholines.txt;800;2;02;11
/Users/alejandrinacristia/Dropbox/SegCatSpa/Corpora/cha//eng/Providence/Naima;20217;"2;02.17";2;"Father;Mother;";2;eng;645;_Providence_Naima_020217-ortholines.txt;600;2;02;17
/Users/alejandrinacristia/Dropbox/SegCatSpa/Corpora/cha//eng/Providence/Naima;20306;"2;03.06";3;"Mother;Father;Adult;";3;eng;368;_Providence_Naima_020306-ortholines.txt;300;2;03;06
/Users/alejandrinacristia/Dropbox/SegCatSpa/Corpora/cha//eng/Providence/Naima;20316;"2;03.16";2;"Mother;Father;";2;eng;504;_Providence_Naima_020316-ortholines.txt;500;2;03;16
/Users/alejandrinacristia/Dropbox/SegCatSpa/Corpora/cha//eng/Providence/Naima;20324;"2;03.24";2;"Mother;Father;";2;eng;872;_Providence_Naima_020324-ortholines.txt;800;2;03;24
/Users/alejandrinacristia/Dropbox/SegCatSpa/Corpora/cha//eng/Providence/Naima;20411;"2;04.11";2;"Mother;Grandmother;";2;eng;397;_Providence_Naima_020411-ortholines.txt;300;2;04;11
/Users/alejandrinacristia/Dropbox/SegCatSpa/Corpora/cha//eng/Providence/Naima;20416;"2;04.16";2;"Mother;Adult;";2;eng;281;_Providence_Naima_020416-ortholines.txt;200;2;04;16
/Users/alejandrinacristia/Dropbox/SegCatSpa/Corpora/cha//eng/Providence/Naima;20424;"2;04.24";1;"Mother;";1;eng;681;_Providence_Naima_020424-ortholines.txt;600;2;04;24
/Users/alejandrinacristia/Dropbox/SegCatSpa/Corpora/cha//eng/Providence/Naima;20427;"2;04.27";2;"Mother;Father;";2;eng;648;_Providence_Naima_020427-ortholines.txt;600;2;04;27
/Users/alejandrinacristia/Dropbox/SegCatSpa/Corpora/cha//eng/Providence/Naima;20507;"2;05.07";2;"Mother;Father;";2;eng;403;_Providence_Naima_020507-ortholines.txt;400;2;05;07
/Users/alejandrinacristia/Dropbox/SegCatSpa/Corpora/cha//eng/Providence/Naima;20514;"2;05.14";2;"Mother;Father;";2;eng;857;_Providence_Naima_020514-ortholines.txt;800;2;05;14
/Users/alejandrinacristia/Dropbox/SegCatSpa/Corpora/cha//eng/Providence/Naima;20515;"2;05.15";2;"Mother;Father;";2;eng;697;_Providence_Naima_020515-ortholines.txt;600;2;05;15
/Users/alejandrinacristia/Dropbox/SegCatSpa/Corpora/cha//eng/Providence/Naima;20517;"2;05.17";2;"Father;Mother;";2;eng;832;_Providence_Naima_020517-ortholines.txt;800;2;05;17
/Users/alejandrinacristia/Dropbox/SegCatSpa/Corpora/cha//eng/Providence/Naima;20518;"2;05.18";3;"Mother;Father;Environment;";2;eng;775;_Providence_Naima_020518-ortholines.txt;700;2;05;18
/Users/alejandrinacristia/Dropbox/SegCatSpa/Corpora/cha//eng/Providence/Naima;20519;"2;05.19";2;"Father;Mother;";2;eng;753;_Providence_Naima_020519-ortholines.txt;700;2;05;19
/Users/alejandrinacristia/Dropbox/SegCatSpa/Corpora/cha//eng/Providence/Naima;20527;"2;05.27";1;"Mother;";1;eng;428;_Providence_Naima_020527-ortholines.txt;400;2;05;27
/Users/alejandrinacristia/Dropbox/SegCatSpa/Corpora/cha//eng/Providence/Naima;20611;"2;06.11";1;"Mother;";1;eng;614;_Providence_Naima_020611-ortholines.txt;600;2;06;11
/Users/alejandrinacristia/Dropbox/SegCatSpa/Corpora/cha//eng/Providence/Naima;20625;"2;06.25";1;"Mother;";1;eng;435;_Providence_Naima_020625-ortholines.txt;400;2;06;25
/Users/alejandrinacristia/Dropbox/SegCatSpa/Corpora/cha//eng/Providence/Naima;20703;"2;07.03";1;"Mother;";1;eng;605;_Providence_Naima_020703-ortholines.txt;600;2;07;03
/Users/alejandrinacristia/Dropbox/SegCatSpa/Corpora/cha//eng/Providence/Naima;20713;"2;07.13";1;"Mother;";1;eng;780;_Providence_Naima_020713-ortholines.txt;700;2;07;13
/Users/alejandrinacristia/Dropbox/SegCatSpa/Corpora/cha//eng/Providence/Naima;20720;"2;07.20";1;"Mother;";1;eng;772;_Providence_Naima_020720-ortholines.txt;700;2;07;20
/Users/alejandrinacristia/Dropbox/SegCatSpa/Corpora/cha//eng/Providence/Naima;20727;"2;07.27";1;"Mother;";1;eng;621;_Providence_Naima_020727-ortholines.txt;600;2;07;27
/Users/alejandrinacristia/Dropbox/SegCatSpa/Corpora/cha//eng/Providence/Naima;20811;"2;08.11";2;"Mother;Father;";2;eng;704;_Providence_Naima_020811-ortholines.txt;700;2;08;11
/Users/alejandrinacristia/Dropbox/SegCatSpa/Corpora/cha//eng/Providence/Naima;20819;"2;08.19";2;"Mother;Environment;";1;eng;702;_Providence_Naima_020819-ortholines.txt;700;2;08;19
/Users/alejandrinacristia/Dropbox/SegCatSpa/Corpora/cha//eng/Providence/Naima;20917;"2;09.17";2;"Mother;Father;";2;eng;664;_Providence_Naima_020917-ortholines.txt;600;2;09;17
/Users/alejandrinacristia/Dropbox/SegCatSpa/Corpora/cha//eng/Providence/Naima;20923;"2;09.23";1;"Mother;";1;eng;878;_Providence_Naima_020923-ortholines.txt;800;2;09;23
/Users/alejandrinacristia/Dropbox/SegCatSpa/Corpora/cha//eng/Providence/Naima;21001;"2;10.01";2;"Mother;Adult;";2;eng;769;_Providence_Naima_021001-ortholines.txt;700;2;10;01
/Users/alejandrinacristia/Dropbox/SegCatSpa/Corpora/cha//eng/Providence/Naima;021008a;"2;10.08";1;"Mother;";1;eng;416;_Providence_Naima_021008a-ortholines.txt;400;2;10;08
/Users/alejandrinacristia/Dropbox/SegCatSpa/Corpora/cha//eng/Providence/Naima;021008b;"2;10.08";1;"Mother;";1;eng;533;_Providence_Naima_021008b-ortholines.txt;500;2;10;08
/Users/alejandrinacristia/Dropbox/SegCatSpa/Corpora/cha//eng/Providence/Naima;21018;"2;10.18";4;"Mother;Toy;Adult;Father;";3;eng;767;_Providence_Naima_021018-ortholines.txt;700;2;10;18
/Users/alejandrinacristia/Dropbox/SegCatSpa/Corpora/cha//eng/Providence/Naima;21027;"2;10.27";1;"Mother;";1;eng;419;_Providence_Naima_021027-ortholines.txt;400;2;10;27
/Users/alejandrinacristia/Dropbox/SegCatSpa/Corpora/cha//eng/Providence/Naima;21114;"2;11.14";2;"Mother;Father;";2;eng;620;_Providence_Naima_021114-ortholines.txt;600;2;11;14
/Users/alejandrinacristia/Dropbox/SegCatSpa/Corpora/cha//eng/Providence/Naima;21123;"2;11.23";2;"Mother;Father;";2;eng;475;_Providence_Naima_021123-ortholines.txt;400;2;11;23
/Users/alejandrinacristia/Dropbox/SegCatSpa/Corpora/cha//eng/Providence/Naima;30000;"3;";3;"Mother;Father;Grandmother;";3;eng;895;_Providence_Naima_030000-ortholines.txt;800;3;;
/Users/alejandrinacristia/Dropbox/SegCatSpa/Corpora/cha//eng/Providence/Naima;30101;"3;01.01";3;"Mother;Grandmother;Father;";3;eng;1399;_Providence_Naima_030101-ortholines.txt;1300;3;01;01
/Users/alejandrinacristia/Dropbox/SegCatSpa/Corpora/cha//eng/Providence/Naima;30219;"3;02.19";1;"Mother;";1;eng;753;_Providence_Naima_030219-ortholines.txt;700;3;02;19
/Users/alejandrinacristia/Dropbox/SegCatSpa/Corpora/cha//eng/Providence/Naima;30325;"3;03.25";3;"Mother;Adult;Father;";3;eng;538;_Providence_Naima_030325-ortholines.txt;500;3;03;25
/Users/alejandrinacristia/Dropbox/SegCatSpa/Corpora/cha//eng/Providence/Naima;30623;"3;06.23";4;"Mother;Adult;Adult;Father;";4;eng;802;_Providence_Naima_030623-ortholines.txt;800;3;06;23
/Users/alejandrinacristia/Dropbox/SegCatSpa/Corpora/cha//eng/Providence/Naima;31010;"3;10.10";2;"Mother;Father;";2;eng;919;_Providence_Naima_031010-ortholines.txt;900;3;10;10
/Users/alejandrinacristia/Dropbox/SegCatSpa/Corpora/cha//eng/Providence/Violet;10200;"1;02.";2;"Mother;Father;";2;eng;466;_Providence_Violet_010200-ortholines.txt;400;1;02;
/Users/alejandrinacristia/Dropbox/SegCatSpa/Corpora/cha//eng/Providence/Violet;10214;"1;02.14";3;"Mother;Father;Brother;";2;eng;491;_Providence_Violet_010214-ortholines.txt;400;1;02;14
/Users/alejandrinacristia/Dropbox/SegCatSpa/Corpora/cha//eng/Providence/Violet;10309;"1;03.09";3;"Mother;Father;Brother;";2;eng;322;_Providence_Violet_010309-ortholines.txt;300;1;03;09
/Users/alejandrinacristia/Dropbox/SegCatSpa/Corpora/cha//eng/Providence/Violet;10326;"1;03.26";1;"Mother;";1;eng;429;_Providence_Violet_010326-ortholines.txt;400;1;03;26
/Users/alejandrinacristia/Dropbox/SegCatSpa/Corpora/cha//eng/Providence/Violet;10407;"1;04.07";1;"Mother;";1;eng;368;_Providence_Violet_010407-ortholines.txt;300;1;04;07
/Users/alejandrinacristia/Dropbox/SegCatSpa/Corpora/cha//eng/Providence/Violet;10420;"1;04.20";1;"Mother;";1;eng;538;_Providence_Violet_010420-ortholines.txt;500;1;04;20
/Users/alejandrinacristia/Dropbox/SegCatSpa/Corpora/cha//eng/Providence/Violet;10503;"1;05.03";2;"Mother;Father;";2;eng;1199;_Providence_Violet_010503-ortholines.txt;1100;1;05;03
/Users/alejandrinacristia/Dropbox/SegCatSpa/Corpora/cha//eng/Providence/Violet;10520;"1;05.20";3;"Mother;Father;Brother;";2;eng;671;_Providence_Violet_010520-ortholines.txt;600;1;05;20
/Users/alejandrinacristia/Dropbox/SegCatSpa/Corpora/cha//eng/Providence/Violet;10603;"1;06.03";3;"Mother;Father;Brother;";2;eng;535;_Providence_Violet_010603-ortholines.txt;500;1;06;03
/Users/alejandrinacristia/Dropbox/SegCatSpa/Corpora/cha//eng/Providence/Violet;10618;"1;06.18";1;"Mother;";1;eng;341;_Providence_Violet_010618-ortholines.txt;300;1;06;18
/Users/alejandrinacristia/Dropbox/SegCatSpa/Corpora/cha//eng/Providence/Violet;10704;"1;07.04";1;"Mother;";1;eng;603;_Providence_Violet_010704-ortholines.txt;600;1;07;04
/Users/alejandrinacristia/Dropbox/SegCatSpa/Corpora/cha//eng/Providence/Violet;10722;"1;07.22";2;"Mother;Father;";2;eng;490;_Providence_Violet_010722-ortholines.txt;400;1;07;22
/Users/alejandrinacristia/Dropbox/SegCatSpa/Corpora/cha//eng/Providence/Violet;10805;"1;08.05";2;"Mother;Toy;";1;eng;540;_Providence_Violet_010805-ortholines.txt;500;1;08;05
/Users/alejandrinacristia/Dropbox/SegCatSpa/Corpora/cha//eng/Providence/Violet;10822;"1;08.22";2;"Mother;Brother;";1;eng;451;_Providence_Violet_010822-ortholines.txt;400;1;08;22
/Users/alejandrinacristia/Dropbox/SegCatSpa/Corpora/cha//eng/Providence/Violet;10907;"1;09.07";4;"Mother;Father;Brother;Non_Human;";2;eng;437;_Providence_Violet_010907-ortholines.txt;400;1;09;07
/Users/alejandrinacristia/Dropbox/SegCatSpa/Corpora/cha//eng/Providence/Violet;10925;"1;09.25";3;"Mother;Father;Brother;";2;eng;525;_Providence_Violet_010925-ortholines.txt;500;1;09;25
/Users/alejandrinacristia/Dropbox/SegCatSpa/Corpora/cha//eng/Providence/Violet;11012;"1;10.12";2;"Mother;Father;";2;eng;472;_Providence_Violet_011012-ortholines.txt;400;1;10;12
/Users/alejandrinacristia/Dropbox/SegCatSpa/Corpora/cha//eng/Providence/Violet;11027;"1;10.27";2;"Mother;Brother;";1;eng;499;_Providence_Violet_011027-ortholines.txt;400;1;10;27
/Users/alejandrinacristia/Dropbox/SegCatSpa/Corpora/cha//eng/Providence/Violet;11115;"1;11.15";3;"Mother;Father;Family_Friend;";3;eng;586;_Providence_Violet_011115-ortholines.txt;500;1;11;15
/Users/alejandrinacristia/Dropbox/SegCatSpa/Corpora/cha//eng/Providence/Violet;11128;"1;11.28";2;"Mother;Father;";2;eng;488;_Providence_Violet_011128-ortholines.txt;400;1;11;28
/Users/alejandrinacristia/Dropbox/SegCatSpa/Corpora/cha//eng/Providence/Violet;20013;"2;00.13";2;"Mother;Father;";2;eng;486;_Providence_Violet_020013-ortholines.txt;400;2;00;13
/Users/alejandrinacristia/Dropbox/SegCatSpa/Corpora/cha//eng/Providence/Violet;20027;"2;00.27";1;"Mother;";1;eng;384;_Providence_Violet_020027-ortholines.txt;300;2;00;27
/Users/alejandrinacristia/Dropbox/SegCatSpa/Corpora/cha//eng/Providence/Violet;20110;"2;01.10";1;"Mother;";1;eng;711;_Providence_Violet_020110-ortholines.txt;700;2;01;10
/Users/alejandrinacristia/Dropbox/SegCatSpa/Corpora/cha//eng/Providence/Violet;20119;"2;01.19";2;"Mother;Family_Friend;";2;eng;458;_Providence_Violet_020119-ortholines.txt;400;2;01;19
/Users/alejandrinacristia/Dropbox/SegCatSpa/Corpora/cha//eng/Providence/Violet;20211;"2;02.11";2;"Mother;Father;";2;eng;534;_Providence_Violet_020211-ortholines.txt;500;2;02;11
/Users/alejandrinacristia/Dropbox/SegCatSpa/Corpora/cha//eng/Providence/Violet;20305;"2;03.05";3;"Mother;Father;Brother;";2;eng;516;_Providence_Violet_020305-ortholines.txt;500;2;03;05
/Users/alejandrinacristia/Dropbox/SegCatSpa/Corpora/cha//eng/Providence/Violet;20312;"2;03.12";2;"Mother;Father;";2;eng;401;_Providence_Violet_020312-ortholines.txt;400;2;03;12
/Users/alejandrinacristia/Dropbox/SegCatSpa/Corpora/cha//eng/Providence/Violet;20319;"2;03.19";4;"Mother;Father;Brother;Toy;";2;eng;634;_Providence_Violet_020319-ortholines.txt;600;2;03;19
/Users/alejandrinacristia/Dropbox/SegCatSpa/Corpora/cha//eng/Providence/Violet;20501;"2;05.01";3;"Mother;Brother;Non_Human;";1;eng;840;_Providence_Violet_020501-ortholines.txt;800;2;05;01
/Users/alejandrinacristia/Dropbox/SegCatSpa/Corpora/cha//eng/Providence/Violet;20515;"2;05.15";3;"Mother;Father;Brother;";2;eng;837;_Providence_Violet_020515-ortholines.txt;800;2;05;15
/Users/alejandrinacristia/Dropbox/SegCatSpa/Corpora/cha//eng/Providence/Violet;20527;"2;05.27";1;"Mother;";1;eng;444;_Providence_Violet_020527-ortholines.txt;400;2;05;27
/Users/alejandrinacristia/Dropbox/SegCatSpa/Corpora/cha//eng/Providence/Violet;20616;"2;06.16";3;"Mother;Father;Brother;";2;eng;349;_Providence_Violet_020616-ortholines.txt;300;2;06;16
/Users/alejandrinacristia/Dropbox/SegCatSpa/Corpora/cha//eng/Providence/Violet;20627;"2;06.27";3;"Mother;Father;Brother;";2;eng;498;_Providence_Violet_020627-ortholines.txt;400;2;06;27
/Users/alejandrinacristia/Dropbox/SegCatSpa/Corpora/cha//eng/Providence/Violet;20707;"2;07.07";3;"Mother;Father;Brother;";2;eng;627;_Providence_Violet_020707-ortholines.txt;600;2;07;07
/Users/alejandrinacristia/Dropbox/SegCatSpa/Corpora/cha//eng/Providence/Violet;20724;"2;07.24";3;"Mother;Father;Toy;";2;eng;723;_Providence_Violet_020724-ortholines.txt;700;2;07;24
/Users/alejandrinacristia/Dropbox/SegCatSpa/Corpora/cha//eng/Providence/Violet;20807;"2;08.07";3;"Mother;Father;Brother;";2;eng;718;_Providence_Violet_020807-ortholines.txt;700;2;08;07
/Users/alejandrinacristia/Dropbox/SegCatSpa/Corpora/cha//eng/Providence/Violet;20819;"2;08.19";4;"Mother;Brother;Father;Unidentified;";3;eng;722;_Providence_Violet_020819-ortholines.txt;700;2;08;19
/Users/alejandrinacristia/Dropbox/SegCatSpa/Corpora/cha//eng/Providence/Violet;20908;"2;09.08";3;"Mother;Brother;Father;";2;eng;430;_Providence_Violet_020908-ortholines.txt;400;2;09;08
/Users/alejandrinacristia/Dropbox/SegCatSpa/Corpora/cha//eng/Providence/Violet;21002;"2;10.02";4;"Mother;Brother;Adult;Father;";3;eng;498;_Providence_Violet_021002-ortholines.txt;400;2;10;02
/Users/alejandrinacristia/Dropbox/SegCatSpa/Corpora/cha//eng/Providence/Violet;21016;"2;10.16";3;"Mother;Brother;Father;";2;eng;458;_Providence_Violet_021016-ortholines.txt;400;2;10;16
/Users/alejandrinacristia/Dropbox/SegCatSpa/Corpora/cha//eng/Providence/Violet;21028;"2;10.28";3;"Mother;Brother;Father;";2;eng;628;_Providence_Violet_021028-ortholines.txt;600;2;10;28
/Users/alejandrinacristia/Dropbox/SegCatSpa/Corpora/cha//eng/Providence/Violet;21126;"2;11.26";3;"Mother;Brother;Father;";2;eng;403;_Providence_Violet_021126-ortholines.txt;400;2;11;26
/Users/alejandrinacristia/Dropbox/SegCatSpa/Corpora/cha//eng/Providence/Violet;30119;"3;01.19";3;"Mother;Father;Brother;";2;eng;614;_Providence_Violet_030119-ortholines.txt;600;3;01;19
/Users/alejandrinacristia/Dropbox/SegCatSpa/Corpora/cha//eng/Providence/Violet;30200;"3;01.19";1;"Target_Child;";0;eng;0;_Providence_Violet_030200-ortholines.txt;0;3;01;19
/Users/alejandrinacristia/Dropbox/SegCatSpa/Corpora/cha//eng/Providence/Violet;30400;"3;04.";1;"Mother;";1;eng;484;_Providence_Violet_030400-ortholines.txt;400;3;04;
/Users/alejandrinacristia/Dropbox/SegCatSpa/Corpora/cha//eng/Providence/Violet;30424;"3;04.24";2;"Mother;Father;";2;eng;726;_Providence_Violet_030424-ortholines.txt;700;3;04;24
/Users/alejandrinacristia/Dropbox/SegCatSpa/Corpora/cha//eng/Providence/Violet;30600;"3;06.";4;"Mother;Brother;Father;Unidentified;";3;eng;797;_Providence_Violet_030600-ortholines.txt;700;3;06;
/Users/alejandrinacristia/Dropbox/SegCatSpa/Corpora/cha//eng/Providence/Violet;30621;"3;06.21";3;"Mother;Father;Brother;";2;eng;359;_Providence_Violet_030621-ortholines.txt;300;3;06;21
/Users/alejandrinacristia/Dropbox/SegCatSpa/Corpora/cha//eng/Providence/Violet;30722;"3;07.22";2;"Mother;Unidentified;";2;eng;582;_Providence_Violet_030722-ortholines.txt;500;3;07;22
/Users/alejandrinacristia/Dropbox/SegCatSpa/Corpora/cha//eng/Providence/Violet;30823;"3;08.23";2;"Mother;Brother;";1;eng;581;_Providence_Violet_030823-ortholines.txt;500;3;08;23
/Users/alejandrinacristia/Dropbox/SegCatSpa/Corpora/cha//eng/Providence/Violet;31018;"3;10.18";1;"Mother;";1;eng;369;_Providence_Violet_031018-ortholines.txt;300;3;10;18
/Users/alejandrinacristia/Dropbox/SegCatSpa/Corpora/cha//eng/Providence/Violet;31124;"3;11.24";2;"Mother;Adult;";2;eng;441;_Providence_Violet_031124-ortholines.txt;400;3;11;24
/Users/alejandrinacristia/Dropbox/SegCatSpa/Corpora/cha//eng/Providence/William;10412;"1;04.12";4;"Mother;Camera_Operator;Family_Friend;Adult;";4;eng;1023;_Providence_William_010412-ortholines.txt;1000;1;04;12
/Users/alejandrinacristia/Dropbox/SegCatSpa/Corpora/cha//eng/Providence/William;10427;"1;04.27";1;"Mother;";1;eng;958;_Providence_William_010427-ortholines.txt;900;1;04;27
/Users/alejandrinacristia/Dropbox/SegCatSpa/Corpora/cha//eng/Providence/William;10605;"1;06.05";2;"Mother;Camera_Operator;";2;eng;1074;_Providence_William_010605-ortholines.txt;1000;1;06;05
/Users/alejandrinacristia/Dropbox/SegCatSpa/Corpora/cha//eng/Providence/William;10619;"1;06.19";2;"Mother;Camera_Operator;";2;eng;1050;_Providence_William_010619-ortholines.txt;1000;1;06;19
/Users/alejandrinacristia/Dropbox/SegCatSpa/Corpora/cha//eng/Providence/William;10708;"1;07.08";2;"Father;Camera_Operator;";2;eng;1079;_Providence_William_010708-ortholines.txt;1000;1;07;08
/Users/alejandrinacristia/Dropbox/SegCatSpa/Corpora/cha//eng/Providence/William;10718;"1;07.18";1;"Mother;";1;eng;706;_Providence_William_010718-ortholines.txt;700;1;07;18
/Users/alejandrinacristia/Dropbox/SegCatSpa/Corpora/cha//eng/Providence/William;10802;"1;08.02";2;"Mother;Camera_Operator;";2;eng;961;_Providence_William_010802-ortholines.txt;900;1;08;02
/Users/alejandrinacristia/Dropbox/SegCatSpa/Corpora/cha//eng/Providence/William;10814;"1;08.14";4;"Mother;Camera_Operator;Toy;Non_Human;";2;eng;1257;_Providence_William_010814-ortholines.txt;1200;1;08;14
/Users/alejandrinacristia/Dropbox/SegCatSpa/Corpora/cha//eng/Providence/William;10829;"1;08.29";2;"Mother;Camera_Operator;";2;eng;417;_Providence_William_010829-ortholines.txt;400;1;08;29
/Users/alejandrinacristia/Dropbox/SegCatSpa/Corpora/cha//eng/Providence/William;10912;"1;09.12";3;"Mother;Camera_Operator;Grandmother;";3;eng;1165;_Providence_William_010912-ortholines.txt;1100;1;09;12
/Users/alejandrinacristia/Dropbox/SegCatSpa/Corpora/cha//eng/Providence/William;10927;"1;09.27";3;"Mother;Camera_Operator;Father;";3;eng;672;_Providence_William_010927-ortholines.txt;600;1;09;27
/Users/alejandrinacristia/Dropbox/SegCatSpa/Corpora/cha//eng/Providence/William;11012;"1;10.12";2;"Mother;Camera_Operator;";2;eng;963;_Providence_William_011012-ortholines.txt;900;1;10;12
/Users/alejandrinacristia/Dropbox/SegCatSpa/Corpora/cha//eng/Providence/William;11100;"1;11.";2;"Mother;Camera_Operator;";2;eng;699;_Providence_William_011100-ortholines.txt;600;1;11;
/Users/alejandrinacristia/Dropbox/SegCatSpa/Corpora/cha//eng/Providence/William;11115;"1;11.15";2;"Mother;Camera_Operator;";2;eng;723;_Providence_William_011115-ortholines.txt;700;1;11;15
/Users/alejandrinacristia/Dropbox/SegCatSpa/Corpora/cha//eng/Providence/William;20012;"2;00.12";2;"Mother;Camera_Operator;";2;eng;971;_Providence_William_020012-ortholines.txt;900;2;00;12
/Users/alejandrinacristia/Dropbox/SegCatSpa/Corpora/cha//eng/Providence/William;20028;"2;00.28";3;"Mother;Father;Camera_Operator;";3;eng;703;_Providence_William_020028-ortholines.txt;700;2;00;28
/Users/alejandrinacristia/Dropbox/SegCatSpa/Corpora/cha//eng/Providence/William;20109;"2;01.09";1;"Mother;";1;eng;310;_Providence_William_020109-ortholines.txt;300;2;01;09
/Users/alejandrinacristia/Dropbox/SegCatSpa/Corpora/cha//eng/Providence/William;20127;"2;01.27";2;"Mother;Camera_Operator;";2;eng;884;_Providence_William_020127-ortholines.txt;800;2;01;27
/Users/alejandrinacristia/Dropbox/SegCatSpa/Corpora/cha//eng/Providence/William;20209;"2;02.09";4;"Mother;Camera_Operator;Father;Sister;";3;eng;801;_Providence_William_020209-ortholines.txt;800;2;02;09
/Users/alejandrinacristia/Dropbox/SegCatSpa/Corpora/cha//eng/Providence/William;20221;"2;02.21";2;"Mother;Camera_Operator;";2;eng;603;_Providence_William_020221-ortholines.txt;600;2;02;21
/Users/alejandrinacristia/Dropbox/SegCatSpa/Corpora/cha//eng/Providence/William;20307;"2;03.07";2;"Mother;Camera_Operator;";2;eng;712;_Providence_William_020307-ortholines.txt;700;2;03;07
/Users/alejandrinacristia/Dropbox/SegCatSpa/Corpora/cha//eng/Providence/William;20319;"2;03.19";3;"Mother;Father;Camera_Operator;";3;eng;845;_Providence_William_020319-ortholines.txt;800;2;03;19
/Users/alejandrinacristia/Dropbox/SegCatSpa/Corpora/cha//eng/Providence/William;20403;"2;04.03";3;"Mother;Father;Camera_Operator;";3;eng;575;_Providence_William_020403-ortholines.txt;500;2;04;03
/Users/alejandrinacristia/Dropbox/SegCatSpa/Corpora/cha//eng/Providence/William;20416;"2;04.16";5;"Mother;Camera_Operator;Visitor;Family_Friend;Visitor;";5;eng;644;_Providence_William_020416-ortholines.txt;600;2;04;16
/Users/alejandrinacristia/Dropbox/SegCatSpa/Corpora/cha//eng/Providence/William;20500;"2;05.";6;"Mother;Father;Camera_Operator;Brother;Sister;Sister;";3;eng;145;_Providence_William_020500-ortholines.txt;100;2;05;
/Users/alejandrinacristia/Dropbox/SegCatSpa/Corpora/cha//eng/Providence/William;20516;"2;05.16";2;"Mother;Camera_Operator;";2;eng;910;_Providence_William_020516-ortholines.txt;900;2;05;16
/Users/alejandrinacristia/Dropbox/SegCatSpa/Corpora/cha//eng/Providence/William;20529;"2;05.29";3;"Mother;Father;Camera_Operator;";3;eng;663;_Providence_William_020529-ortholines.txt;600;2;05;29
/Users/alejandrinacristia/Dropbox/SegCatSpa/Corpora/cha//eng/Providence/William;20612;"2;06.12";3;"Mother;Father;Camera_Operator;";3;eng;796;_Providence_William_020612-ortholines.txt;700;2;06;12
/Users/alejandrinacristia/Dropbox/SegCatSpa/Corpora/cha//eng/Providence/William;20626;"2;06.26";3;"Mother;Father;Camera_Operator;";3;eng;497;_Providence_William_020626-ortholines.txt;400;2;06;26
/Users/alejandrinacristia/Dropbox/SegCatSpa/Corpora/cha//eng/Providence/William;20708;"2;07.08";2;"Mother;Camera_Operator;";2;eng;626;_Providence_William_020708-ortholines.txt;600;2;07;08
/Users/alejandrinacristia/Dropbox/SegCatSpa/Corpora/cha//eng/Providence/William;20726;"2;07.26";2;"Mother;Camera_Operator;";2;eng;861;_Providence_William_020726-ortholines.txt;800;2;07;26
/Users/alejandrinacristia/Dropbox/SegCatSpa/Corpora/cha//eng/Providence/William;20808;"2;08.08";4;"Mother;Father;Camera_Operator;Toy;";3;eng;751;_Providence_William_020808-ortholines.txt;700;2;08;08
/Users/alejandrinacristia/Dropbox/SegCatSpa/Corpora/cha//eng/Providence/William;20822;"2;08.22";4;"Mother;Father;Camera_Operator;Non_Human;";3;eng;385;_Providence_William_020822-ortholines.txt;300;2;08;22
/Users/alejandrinacristia/Dropbox/SegCatSpa/Corpora/cha//eng/Providence/William;20905;"2;09.05";3;"Father;Sister;Camera_Operator;";2;eng;635;_Providence_William_020905-ortholines.txt;600;2;09;05
/Users/alejandrinacristia/Dropbox/SegCatSpa/Corpora/cha//eng/Providence/William;21100;"2;11.";4;"Mother;Sister;Father;Camera_Operator;";3;eng;686;_Providence_William_021100-ortholines.txt;600;2;11;
/Users/alejandrinacristia/Dropbox/SegCatSpa/Corpora/cha//eng/Providence/William;21114;"2;11.14";4;"Mother;Father;Camera_Operator;Sister;";3;eng;778;_Providence_William_021114-ortholines.txt;700;2;11;14
/Users/alejandrinacristia/Dropbox/SegCatSpa/Corpora/cha//eng/Providence/William;30011;"3;00.11";4;"Mother;Father;Camera_Operator;Sister;";3;eng;654;_Providence_William_030011-ortholines.txt;600;3;00;11
/Users/alejandrinacristia/Dropbox/SegCatSpa/Corpora/cha//eng/Providence/William;30028;"3;00.28";3;"Mother;Father;Camera_Operator;";3;eng;932;_Providence_William_030028-ortholines.txt;900;3;00;28
/Users/alejandrinacristia/Dropbox/SegCatSpa/Corpora/cha//eng/Providence/William;30115;"3;01.15";3;"Mother;Father;Camera_Operator;";3;eng;777;_Providence_William_030115-ortholines.txt;700;3;01;15
/Users/alejandrinacristia/Dropbox/SegCatSpa/Corpora/cha//eng/Providence/William;30125;"3;01.25";3;"Mother;Father;Camera_Operator;";3;eng;694;_Providence_William_030125-ortholines.txt;600;3;01;25
/Users/alejandrinacristia/Dropbox/SegCatSpa/Corpora/cha//eng/Providence/William;30221;"3;02.21";3;"Mother;Father;Camera_Operator;";3;eng;866;_Providence_William_030221-ortholines.txt;800;3;02;21
/Users/alejandrinacristia/Dropbox/SegCatSpa/Corpora/cha//eng/Providence/William;30305;"3;03.05";3;"Mother;Father;Camera_Operator;";3;eng;515;_Providence_William_030305-ortholines.txt;500;3;03;05
/Users/alejandrinacristia/Dropbox/SegCatSpa/Corpora/cha//eng/Providence/William;30325;"3;03.25";2;"Mother;Father;";2;eng;282;_Providence_William_030325-ortholines.txt;200;3;03;25
/Users/alejandrinacristia/Dropbox/SegCatSpa/Corpora/cha//eng/Providence/William;30418;"3;04.18";3;"Mother;Father;Camera_Operator;";3;eng;654;_Providence_William_030418-ortholines.txt;600;3;04;18